{
    "type": "object",
    "properties": {
        "person_id": {
            "type": "integer"
        },
        "first_name": {
            "type": "string"
        },
        "last_name": {
            "type": "string"
        },
        "display_first_last": {
            "type": "string"
        },
        "display_last_comma_first": {
            "type": "string"
        },
        "display_fi_last": {
            "type": "string"
        },
        "player_slug": {
            "type": "string"
        },
        "birthdate": {
            "type": "string"
        },
        "school": {
            "type": "string"
        },
        "country": {
            "type": "string"
        },
        "last_affiliation": {
            "type": "string"
        },
        "height": {
            "type": "string"
        },
        "weight": {
            "type": "number"
        },
        "season_exp": {
            "type": "number"
        },
        "jersey": {
            "type": "string"
        },
        "position": {
            "type": "string"
        },
        "rosterstatus": {
            "type": "string"
        },
        "games_played_current_season_flag": {
            "type": "string"
        },
        "team_id": {
            "type": "integer"
        },
        "team_name": {
            "type": "string"
        },
        "team_abbreviation": {
            "type": "string"
        },
        "team_code": {
            "type": "string"
        },
        "team_city": {
            "type": "string"
        },
        "playercode": {
            "type": "string"
        },
        "from_year": {
            "type": "number"
        },
        "to_year": {
            "type": "number"
        },
        "dleague_flag": {
            "type": "string"
        },
        "nba_flag": {
            "type": "string"
        },
        "games_played_flag": {
            "type": "string"
        },
        "draft_year": {
            "type": "string"
        },
        "draft_round": {
            "type": "string"
        },
        "draft_number": {
            "type": "string"
        },
        "greatest_75_flag": {
            "type": "string"
        }
    },
    "required": [
        "person_id",
        "first_name",
        "last_name",
        "display_first_last",
        "display_last_comma_first",
        "display_fi_last",
        "player_slug",
        "birthdate",
        "school",
        "country",
        "last_affiliation",
        "height",
        "weight",
        "season_exp",
        "jersey",
        "position",
        "rosterstatus",
        "games_played_current_season_flag",
        "team_id",
        "team_name",
        "team_abbreviation",
        "team_code",
        "team_city",
        "playercode",
        "from_year",
        "to_year",
        "dleague_flag",
        "nba_flag",
        "games_played_flag",
        "draft_year",
        "draft_round",
        "draft_number",
        "greatest_75_flag"
    ]
}