{
    "type": "object",
    "properties": {
        "CountryCode": {
            "type": "string"
        },
        "ShortName": {
            "type": "string"
        },
        "TableName": {
            "type": "string"
        },
        "LongName": {
            "type": "string"
        },
        "Alpha2Code": {
            "type": "string"
        },
        "CurrencyUnit": {
            "type": "string"
        },
        "SpecialNotes": {
            "type": "string"
        },
        "Region": {
            "type": "string"
        },
        "IncomeGroup": {
            "type": "string"
        },
        "Wb2Code": {
            "type": "string"
        },
        "NationalAccountsBaseYear": {
            "type": "string"
        },
        "NationalAccountsReferenceYear": {
            "type": "string"
        },
        "SnaPriceValuation": {
            "type": "string"
        },
        "LendingCategory": {
            "type": "string"
        },
        "OtherGroups": {
            "type": "string"
        },
        "SystemOfNationalAccounts": {
            "type": "string"
        },
        "AlternativeConversionFactor": {
            "type": "string"
        },
        "PppSurveyYear": {
            "type": "string"
        },
        "BalanceOfPaymentsManualInUse": {
            "type": "string"
        },
        "ExternalDebtReportingStatus": {
            "type": "string"
        },
        "SystemOfTrade": {
            "type": "string"
        },
        "GovernmentAccountingConcept": {
            "type": "string"
        },
        "ImfDataDisseminationStandard": {
            "type": "string"
        },
        "LatestPopulationCensus": {
            "type": "string"
        },
        "LatestHouseholdSurvey": {
            "type": "string"
        },
        "SourceOfMostRecentIncomeAndExpenditureData": {
            "type": "string"
        },
        "VitalRegistrationComplete": {
            "type": "string"
        },
        "LatestAgriculturalCensus": {
            "type": "string"
        },
        "LatestIndustrialData": {
            "type": "number"
        },
        "LatestTradeData": {
            "type": "number"
        },
        "LatestWaterWithdrawalData": {
            "type": "number"
        }
    },
    "required": [
        "CountryCode",
        "ShortName",
        "TableName",
        "LongName",
        "Alpha2Code",
        "CurrencyUnit",
        "SpecialNotes",
        "Region",
        "IncomeGroup",
        "Wb2Code",
        "NationalAccountsBaseYear",
        "NationalAccountsReferenceYear",
        "SnaPriceValuation",
        "LendingCategory",
        "OtherGroups",
        "SystemOfNationalAccounts",
        "AlternativeConversionFactor",
        "PppSurveyYear",
        "BalanceOfPaymentsManualInUse",
        "ExternalDebtReportingStatus",
        "SystemOfTrade",
        "GovernmentAccountingConcept",
        "ImfDataDisseminationStandard",
        "LatestPopulationCensus",
        "LatestHouseholdSurvey",
        "SourceOfMostRecentIncomeAndExpenditureData",
        "VitalRegistrationComplete",
        "LatestAgriculturalCensus",
        "LatestIndustrialData",
        "LatestTradeData",
        "LatestWaterWithdrawalData"
    ]
}