{
    "type": "object",
    "properties": {
        "CountryName": {
            "type": "string"
        },
        "CountryCode": {
            "type": "string"
        },
        "IndicatorName": {
            "type": "string"
        },
        "IndicatorCode": {
            "type": "string"
        },
        "Year": {
            "type": "integer"
        },
        "Value": {
            "type": "number"
        }
    },
    "required": [
        "CountryName",
        "CountryCode",
        "IndicatorName",
        "IndicatorCode",
        "Year",
        "Value"
    ]
}