{
    "type": "object",
    "properties": {
        "game_id": {
            "type": "integer"
        },
        "eventnum": {
            "type": "integer"
        },
        "eventmsgtype": {
            "type": "integer"
        },
        "eventmsgactiontype": {
            "type": "integer"
        },
        "period": {
            "type": "integer"
        },
        "wctimestring": {
            "type": "string"
        },
        "pctimestring": {
            "type": "string"
        },
        "homedescription": {
            "type": "string"
        },
        "neutraldescription": {
            "type": "string"
        },
        "visitordescription": {
            "type": "string"
        },
        "score": {
            "type": "string"
        },
        "scoremargin": {
            "type": "string"
        },
        "person1type": {
            "type": "number"
        },
        "player1_id": {
            "type": "integer"
        },
        "player1_name": {
            "type": "string"
        },
        "player1_team_id": {
            "type": "number"
        },
        "player1_team_city": {
            "type": "string"
        },
        "player1_team_nickname": {
            "type": "string"
        },
        "player1_team_abbreviation": {
            "type": "string"
        },
        "person2type": {
            "type": "number"
        },
        "player2_id": {
            "type": "integer"
        },
        "player2_name": {
            "type": "string"
        },
        "player2_team_id": {
            "type": "number"
        },
        "player2_team_city": {
            "type": "string"
        },
        "player2_team_nickname": {
            "type": "string"
        },
        "player2_team_abbreviation": {
            "type": "string"
        },
        "person3type": {
            "type": "number"
        },
        "player3_id": {
            "type": "integer"
        },
        "player3_name": {
            "type": "string"
        },
        "player3_team_id": {
            "type": "number"
        },
        "player3_team_city": {
            "type": "string"
        },
        "player3_team_nickname": {
            "type": "string"
        },
        "player3_team_abbreviation": {
            "type": "string"
        },
        "video_available_flag": {
            "type": "integer"
        }
    },
    "required": [
        "game_id",
        "eventnum",
        "eventmsgtype",
        "eventmsgactiontype",
        "period",
        "wctimestring",
        "pctimestring",
        "homedescription",
        "neutraldescription",
        "visitordescription",
        "score",
        "scoremargin",
        "person1type",
        "player1_id",
        "player1_name",
        "player1_team_id",
        "player1_team_city",
        "player1_team_nickname",
        "player1_team_abbreviation",
        "person2type",
        "player2_id",
        "player2_name",
        "player2_team_id",
        "player2_team_city",
        "player2_team_nickname",
        "player2_team_abbreviation",
        "person3type",
        "player3_id",
        "player3_name",
        "player3_team_id",
        "player3_team_city",
        "player3_team_nickname",
        "player3_team_abbreviation",
        "video_available_flag"
    ]
}