{
    "type": "object",
    "properties": {
        "SeriesCode": {
            "type": "string"
        },
        "Topic": {
            "type": "string"
        },
        "IndicatorName": {
            "type": "string"
        },
        "ShortDefinition": {
            "type": "string"
        },
        "LongDefinition": {
            "type": "string"
        },
        "UnitOfMeasure": {
            "type": "string"
        },
        "Periodicity": {
            "type": "string"
        },
        "BasePeriod": {
            "type": "string"
        },
        "OtherNotes": {
            "type": "number"
        },
        "AggregationMethod": {
            "type": "string"
        },
        "LimitationsAndExceptions": {
            "type": "string"
        },
        "NotesFromOriginalSource": {
            "type": "string"
        },
        "GeneralComments": {
            "type": "string"
        },
        "Source": {
            "type": "string"
        },
        "StatisticalConceptAndMethodology": {
            "type": "string"
        },
        "DevelopmentRelevance": {
            "type": "string"
        },
        "RelatedSourceLinks": {
            "type": "string"
        },
        "OtherWebLinks": {
            "type": "number"
        },
        "RelatedIndicators": {
            "type": "number"
        },
        "LicenseType": {
            "type": "string"
        }
    },
    "required": [
        "SeriesCode",
        "Topic",
        "IndicatorName",
        "ShortDefinition",
        "LongDefinition",
        "UnitOfMeasure",
        "Periodicity",
        "BasePeriod",
        "OtherNotes",
        "AggregationMethod",
        "LimitationsAndExceptions",
        "NotesFromOriginalSource",
        "GeneralComments",
        "Source",
        "StatisticalConceptAndMethodology",
        "DevelopmentRelevance",
        "RelatedSourceLinks",
        "OtherWebLinks",
        "RelatedIndicators",
        "LicenseType"
    ]
}